TIME,LATITUDE,LONGITUDE,ID,MLD,SURF_TEMP,SURF_PSAL,SURF_CHLA,SURF_BBP,SURF_NPP,SURF_SPICE
4/4/24,40.7535,-63.0664,F4903273_102,68,9.687000275,34.22499847,1.038408995,0.002720524,32.31857574,0.472713631
4/4/24,40.7535,-63.0664,F4903273_102,68,9.687000275,34.22499847,2.480413914,0.003882549,141.1439593,0.472713631
4/15/24,40.0367,-64.5194,F4903273_103,12,8.135000229,32.96699905,2.480413914,0.003882549,141.1439593,-0.776014692
4/15/24,40.0367,-64.5194,F4903273_103,12,8.135000229,32.96699905,1.342332959,0.003276484,113.7861473,-0.776014692
4/25/24,39.5393,-66.1383,F4903273_104,11.89999962,11.36800003,34.05099869,1.342332959,0.003276484,113.7861473,0.632495963
4/25/24,39.5393,-66.1383,F4903273_104,11.89999962,11.36800003,34.05099869,0.438731015,0.001926481,39.05100801,0.632495963
5/6/24,39.6191,-66.8515,F4903273_105,12,11.76399994,33.89799881,0.438731015,0.001926481,39.05100801,0.586272994
5/6/24,39.6191,-66.8515,F4903273_105,12,11.76399994,33.89799881,0.263893008,0.000852093,23.11262523,0.586272994
5/16/24,39.5951,-66.5667,F4903273_106,10,17.6079998,34.93799973,0.263893008,0.000852093,23.11262523,2.665971597
5/16/24,39.5951,-66.5667,F4903273_106,10,17.6079998,34.93799973,0.067813002,0.000508266,nan,2.665971597
5/27/24,39.0162,-67.3016,F4903273_107,14,21.51099968,35.48799896,0.067813002,0.000508266,nan,4.104999016
5/27/24,39.0162,-67.3016,F4903273_107,14,21.51099968,35.48799896,0.240199998,0.000970696,21.08191951,4.104999016
6/7/24,39.1849,-68.2382,F4903273_108,14.30000019,19.57900047,34.35200119,0.240199998,0.000970696,21.08191951,2.713773751
6/7/24,39.1849,-68.2382,F4903273_108,14.30000019,19.57900047,34.35200119,0.412586987,0.002040158,36.72989934,2.713773751
6/18/24,39.1193,-68.5702,F4903273_109,8.100000381,13.45400047,31.97900009,0.412586987,0.002040158,36.72989934,-0.608796996
6/18/24,39.1193,-68.5702,F4903273_109,8.100000381,13.45400047,31.97900009,0.193630993,0.001083574,18.56927527,-0.608796996
6/29/24,38.692,-68.5492,F4903273_110,9.399999619,20.70899963,32.97600174,0.193630993,0.001083574,18.56927527,1.950103757
6/29/24,38.692,-68.5492,F4903273_110,9.399999619,20.70899963,32.97600174,0.022878001,0.000459774,1.828245133,1.950103757
7/9/24,37.3371,-68.8492,F4903273_111,24,26.85899925,36.45800018,0.022878001,0.000459774,1.828245133,6.437443753
7/9/24,37.3371,-68.8492,F4903273_111,24,26.85899925,36.45800018,0.063727997,0.000543673,5.492413387,6.437443753
7/20/24,36.6664,-67.3561,F4903273_112,18.10000038,28.7329998,36.22299957,0.063727997,0.000543673,5.492413387,6.873496605
7/20/24,36.6664,-67.3561,F4903273_112,18.10000038,28.7329998,36.22299957,0.397064,0.018041356,27.07198093,6.873496605
7/30/24,38.4747,-66.7599,F4903273_113,10,25.02499962,32.61199951,0.397064,0.018041356,27.07198093,2.927807409
7/30/24,38.4747,-66.7599,F4903273_113,10,25.02499962,32.61199951,0.034580499,0.000618066,nan,2.927807409
5/25/24,29.552,-75.0867,F4903274_115,10,25.86800003,36.5530014,0.034580499,0.000618066,nan,6.19603061
5/25/24,29.552,-75.0867,F4903274_115,10,25.86800003,36.5530014,0.028817501,0.000569567,2.352435056,6.19603061
6/4/24,29.8827,-74.8538,F4903274_116,18.10000038,25.2159996,36.69900131,0.028817501,0.000569567,2.352435056,6.104435383
6/4/24,29.8827,-74.8538,F4903274_116,18.10000038,25.2159996,36.69900131,0.058593001,0.000611302,5.037926872,6.104435383
6/14/24,30.1066,-74.8586,F4903274_117,16.20000076,25.88800049,36.68899918,0.058593001,0.000611302,5.037926872,6.304745481
6/14/24,30.1066,-74.8586,F4903274_117,16.20000076,25.88800049,36.68899918,0.031699002,0.000582772,2.600335605,6.304745481
6/24/24,30.1482,-75.2058,F4903274_118,10,26.50900078,36.44800186,0.031699002,0.000582772,2.600335605,6.318462835
6/24/24,30.1482,-75.2058,F4903274_118,10,26.50900078,36.44800186,0.026896499,0.000496372,2.193361538,6.318462835
7/5/24,29.8788,-75.6253,F4903274_119,14.10000038,28.31800079,36.56999969,0.026896499,0.000496372,2.193361538,6.996752
7/5/24,29.8788,-75.6253,F4903274_119,14.10000038,28.31800079,36.56999969,0.026896499,0.000525265,2.169912607,6.996752
7/15/24,29.3461,-76.4426,F4903274_120,14,28.36400032,36.5379982,0.026896499,0.000525265,2.169912607,6.98790063
7/15/24,29.3461,-76.4426,F4903274_120,14,28.36400032,36.5379982,0.146891996,0.000704286,11.61571071,6.98790063
4/2/24,31.188,-65.5052,F4903570_12,42,19.50499916,36.63299942,0.146891996,0.000704286,11.61571071,4.437012643
4/2/24,31.188,-65.5052,F4903570_12,42,19.50499916,36.63299942,0.327197999,0.00117531,29.77211716,4.437012643
4/12/24,31.4448,-65.5221,F4903570_13,14,19.53300095,36.64500046,0.327197999,0.00117531,29.77211716,4.453374458
4/12/24,31.4448,-65.5221,F4903570_13,14,19.53300095,36.64500046,0.084564,0.000947255,7.081900173,4.453374458
4/22/24,31.8818,-65.3415,F4903570_14,16.20000076,20.89900017,36.65000153,0.084564,0.000947255,7.081900173,4.819674254
4/22/24,31.8818,-65.3415,F4903570_14,16.20000076,20.89900017,36.65000153,0.061191,0.000841699,5.136787041,4.819674254
5/2/24,32.2703,-65.2561,F4903570_15,14,20.66600037,36.66799927,0.061191,0.000841699,5.136787041,4.770344553
5/2/24,32.2703,-65.2561,F4903570_15,14,20.66600037,36.66799927,0.067869,0.000750069,5.581370016,4.770344553
5/12/24,32.505,-64.9203,F4903570_16,34,21.5739994,36.69900131,0.067869,0.000750069,5.581370016,5.041694778
5/12/24,32.505,-64.9203,F4903570_16,34,21.5739994,36.69900131,0.036704998,0.00063372,3.063438714,5.041694778
5/22/24,32.6323,-64.8394,F4903570_17,11.89999962,22.24200058,36.73300171,0.036704998,0.00063372,3.063438714,5.254151465
5/22/24,32.6323,-64.8394,F4903570_17,11.89999962,22.24200058,36.73300171,0.044496,0.000573598,3.777269835,5.254151465
6/1/24,32.6748,-64.7886,F4903570_18,10,24.00900078,36.74499893,0.044496,0.000573598,3.777269835,5.774936453
6/1/24,32.6748,-64.7886,F4903570_18,10,24.00900078,36.74499893,0.033365998,0.000546806,2.668860476,5.774936453
6/11/24,32.646,-64.7137,F4903570_19,10.10000038,24.93899918,36.77799988,0.033365998,0.000546806,2.668860476,6.07935009
6/11/24,32.646,-64.7137,F4903570_19,10.10000038,24.93899918,36.77799988,0.051174,0.000609424,4.335623953,6.07935009
6/21/24,32.5676,-64.854,F4903570_20,22,25.01000023,36.86399841,0.051174,0.000609424,4.335623953,6.165758733
6/21/24,32.5676,-64.854,F4903570_20,22,25.01000023,36.86399841,0.034479,0.000515449,2.864376559,6.165758733
7/1/24,32.9258,-64.4726,F4903570_21,12,25.74799919,36.81000137,0.034479,0.000515449,2.864376559,6.352280172
7/1/24,32.9258,-64.4726,F4903570_21,12,25.74799919,36.81000137,0.024462,0.00047967,1.991201498,6.352280172
7/11/24,32.9408,-65.2152,F4903570_22,10,26.79000092,36.79700089,0.024462,0.00047967,1.991201498,6.67070562
7/11/24,32.9408,-65.2152,F4903570_22,10,26.79000092,36.79700089,0.021122999,0.000448107,1.731333958,6.67070562
7/21/24,32.6306,-65.592,F4903570_23,12,27.99900055,36.86600113,0.021122999,0.000448107,1.731333958,7.114280702
7/21/24,32.6306,-65.592,F4903570_23,12,27.99900055,36.86600113,0.032253001,0.000511358,2.744488468,7.114280702
7/31/24,32.9569,-65.4861,F4903570_24,22,27.90200043,36.84400177,0.032253001,0.000511358,2.744488468,7.065876124
7/31/24,32.9569,-65.4861,F4903570_24,22,27.90200043,36.84400177,0.616849989,0.002931126,52.29616211,7.065876124
7/31/24,32.9569,-65.4861,F4903570_24,22,27.90200043,36.84400177,0.350400001,0.001369679,26.90726931,7.065876124
4/4/24,38.25,-71.37,F5906342_111,9.899999619,13.67399979,34.08000183,0.350400001,0.001369679,26.90726931,1.109785585
4/4/24,38.25,-71.37,F5906342_111,9.899999619,13.67399979,34.08000183,0.127749994,0.00095072,5.297481004,1.109785585
4/4/24,38.25,-71.37,F5906342_111,9.899999619,13.67399979,34.08000183,0.220825002,0.001326667,19.45288685,1.109785585
4/4/24,38.25,-71.37,F5906342_111,9.899999619,13.67399979,34.08000183,0.0438,0.000760543,2.095266073,1.109785585
4/4/24,38.25,-71.37,F5906342_111,9.899999619,13.67399979,34.08000183,0.029200001,0.00075354,2.293953597,1.109785585
4/4/24,38.25,-71.37,F5906342_111,9.899999619,13.67399979,34.08000183,0.02555,0.000716927,1.902824599,1.109785585
4/4/24,38.25,-71.37,F5906342_111,9.899999619,13.67399979,34.08000183,0.036500001,0.000741822,2.961143527,1.109785585
4/4/24,38.25,-71.37,F5906342_111,9.899999619,13.67399979,34.08000183,0.0146,0.000698802,0.97557773,1.109785585
4/4/24,38.25,-71.37,F5906342_111,9.899999619,13.67399979,34.08000183,0.01825,0.000533387,1.293337322,1.109785585
4/14/24,37.959,-71.231,F5906342_112,41.86000061,22.13568115,36.10243416,0.01825,0.000533387,1.293337322,4.746803632
4/14/24,37.959,-71.231,F5906342_112,41.86000061,22.13568115,36.10243416,0.009125,0.000496194,0.569998917,4.746803632
4/14/24,37.959,-71.231,F5906342_112,41.86000061,22.13568115,36.10243416,0.01095,0.000508682,0.733821571,4.746803632
4/14/24,37.959,-71.231,F5906342_112,41.86000061,22.13568115,36.10243416,0.01825,0.000601626,1.357721625,4.746803632
4/14/24,37.959,-71.231,F5906342_112,41.86000061,22.13568115,36.10243416,0.021600001,0.000721152,1.581558208,4.746803632
4/14/24,37.959,-71.231,F5906342_112,41.86000061,22.13568115,36.10243416,0.021600001,0.000583387,1.498009509,4.746803632
4/14/24,37.959,-71.231,F5906342_112,41.86000061,22.13568115,36.10243416,0.113150001,0.000769495,9.158871258,4.746803632
4/24/24,37.722,-69.353,F5906342_113,68,23.40200043,36.5909996,0.113150001,0.000769495,9.158871258,5.480009725
5/4/24,38.126,-68.795,F5906342_114,18,16.75499916,34.74399948,0.113150001,0.000769495,9.158871258,2.311602721
5/4/24,38.126,-68.795,F5906342_114,18,16.75499916,34.74399948,0.149649993,0.001104031,11.06941407,2.311602721
5/14/24,36.891,-67.555,F5906342_115,62.09999847,24.25799942,36.43500137,0.149649993,0.001104031,11.06941407,5.61516682
5/24/24,36.146,-68.271,F5906342_116,9.899999619,22.47414589,36.61899948,0.149649993,0.001104031,11.06941407,5.233779708
5/24/24,36.146,-68.271,F5906342_116,9.899999619,22.47414589,36.61899948,0.259149998,0.000921549,9.180696563,5.233779708
6/3/24,35.09,-68.841,F5906342_117,32,23.52108955,36.61899948,0.259149998,0.000921549,9.180696563,5.535982898
6/13/24,35.557,-67.891,F5906342_118,14,23.63199997,36.49700165,0.259149998,0.000921549,9.180696563,5.476388752
6/13/24,35.557,-67.891,F5906342_118,14,23.63199997,36.49700165,0.270099998,0.001428053,23.45193759,5.476388752
6/23/24,36.304,-66.912,F5906342_119,13.89999962,24.74799919,36.58599854,0.270099998,0.001428053,23.45193759,5.876614927
7/3/24,37.318,-65.91,F5906342_120,34,27.5370245,36.36700058,0.270099998,0.001428053,23.45193759,6.587523205
7/3/24,37.318,-65.91,F5906342_120,34,27.5370245,36.36700058,0.029200001,0.000916717,2.220104352,6.587523205
7/13/24,37.415,-65.321,F5906342_121,20,27.11800003,36.50299835,0.029200001,0.000916717,2.220104352,6.554437876
7/23/24,36.622,-66.055,F5906342_122,12,27.52349949,36.41250038,0.029200001,0.000916717,2.220104352,6.61741061
7/23/24,36.622,-66.055,F5906342_122,12,27.52349949,36.41250038,0.030112501,0.000878978,2.364297259,6.61741061
8/2/24,36.653,-67.293,F5906342_123,18.10000038,26.97999954,36.09700012,0.030112501,0.000878978,2.364297259,6.203986748
8/2/24,36.653,-67.293,F5906342_123,18.10000038,26.97999954,36.09700012,0.521950006,0.001509221,20.45673814,6.203986748
6/20/24,39.587,-63.413,F5906438_114,20.68000031,24.04950047,36.50149918,0.521950006,0.001509221,20.45673814,5.603212219
6/20/24,39.587,-63.413,F5906438_114,20.68000031,24.04950047,36.50149918,0.204400003,0.001970071,16.71322962,5.603212219
6/30/24,38.292,-64.64,F5906438_115,37.70000076,26.8920002,36.11800003,0.204400003,0.001970071,16.71322962,6.191622797
6/30/24,38.292,-64.64,F5906438_115,37.70000076,26.8920002,36.11800003,0.127750009,0.000937712,5.324247457,6.191622797
4/4/24,36.96842667,-72.63257667,F3902491_63,33,22.82377815,36.5340004,0.127750009,0.000937712,5.324247457,5.269461565
4/4/24,36.96842667,-72.63257667,F3902491_63,33,22.82377815,36.5340004,0.076650001,0.000801937,5.013159616,5.269461565
4/4/24,36.96842667,-72.63257667,F3902491_63,33,22.82377815,36.5340004,0.346750021,0.001528201,26.59308377,5.269461565
4/9/24,36.88322667,-72.11715,F3902491_64,32.90000153,19.78800011,36.68253326,0.346750021,0.001528201,26.59308377,4.548277234
4/9/24,36.88322667,-72.11715,F3902491_64,32.90000153,19.78800011,36.68253326,0.317550004,0.001509326,23.28830146,4.548277234
4/9/24,36.88322667,-72.11715,F3902491_64,32.90000153,19.78800011,36.68253326,0.693500042,0.002486769,59.35971976,4.548277234
4/14/24,36.83716167,-71.80802167,F3902491_65,44.09999847,23.18740082,36.50299835,0.693500042,0.002486769,59.35971976,5.351042656
4/14/24,36.83716167,-71.80802167,F3902491_65,44.09999847,23.18740082,36.50299835,0.580350041,0.001584802,23.91013976,5.351042656
4/14/24,36.83716167,-71.80802167,F3902491_65,44.09999847,23.18740082,36.50299835,0.248199999,0.001465521,21.55327471,5.351042656
4/19/24,36.61653167,-71.600945,F3902491_66,61.20000076,23.52000046,36.48699951,0.248199999,0.001465521,21.55327471,5.435961521
4/19/24,36.61653167,-71.600945,F3902491_66,61.20000076,23.52000046,36.48699951,0.578525037,0.00188959,25.01095036,5.435961521
4/19/24,36.61653167,-71.600945,F3902491_66,61.20000076,23.52000046,36.48699951,0.562099993,0.002303413,46.37287103,5.435961521
4/24/24,36.55367333,-71.87233333,F3902491_67,77.09999847,19.62899971,36.63570023,0.562099993,0.002303413,46.37287103,4.471280732
4/24/24,36.55367333,-71.87233333,F3902491_67,77.09999847,19.62899971,36.63570023,0.096725002,0.001578271,7.574886271,4.471280732
4/29/24,36.54841167,-71.97302667,F3902491_68,23.20000076,20.14231873,36.6570015,0.096725002,0.001578271,7.574886271,4.622203652
4/29/24,36.54841167,-71.97302667,F3902491_68,23.20000076,20.14231873,36.6570015,0.125925004,0.002119877,10.26327134,4.622203652
4/29/24,36.54841167,-71.97302667,F3902491_68,23.20000076,20.14231873,36.6570015,0.244550005,0.00173862,21.06453279,4.622203652
5/4/24,36.48109333,-71.89136167,F3902491_69,17.5,22.60300064,36.62563515,0.244550005,0.00173862,21.06453279,5.275502649
5/4/24,36.48109333,-71.89136167,F3902491_69,17.5,22.60300064,36.62563515,0.138700008,0.001627306,nan,5.275502649
5/4/24,36.48109333,-71.89136167,F3902491_69,17.5,22.60300064,36.62563515,0.080300003,0.000799423,nan,5.275502649
5/14/24,36.66664667,-71.97432833,F3902491_70,21.79999924,21.87899971,36.66080093,0.080300003,0.000799423,nan,5.097628525
5/14/24,36.66664667,-71.97432833,F3902491_70,21.79999924,21.87899971,36.66080093,0.069350004,0.001147578,5.79420947,5.097628525
5/14/24,36.66664667,-71.97432833,F3902491_70,21.79999924,21.87899971,36.66080093,0.133225009,0.002006132,11.17440546,5.097628525
5/24/24,36.78834667,-72.25025333,F3902491_71,19,23.53000069,36.57099915,0.133225009,0.002006132,11.17440546,5.502347056
5/24/24,36.78834667,-72.25025333,F3902491_71,19,23.53000069,36.57099915,0.069350004,0.000714808,6.138101305,5.502347056
5/24/24,36.78834667,-72.25025333,F3902491_71,19,23.53000069,36.57099915,0.038690001,0.00065679,3.118355592,5.502347056
6/3/24,37.38436833,-72.07703,F3902491_72,46.90000153,26.93300056,36.44499969,0.038690001,0.00065679,3.118355592,6.451334342
6/3/24,37.38436833,-72.07703,F3902491_72,46.90000153,26.93300056,36.44499969,0.036499999,0.000541905,2.792235998,6.451334342
6/3/24,37.38436833,-72.07703,F3902491_72,46.90000153,26.93300056,36.44499969,0.00365,0.000529185,nan,6.451334342
6/13/24,38.25099667,-70.01376,F3902491_73,49.09999847,27.62899971,36.39500046,0.00365,0.000529185,nan,6.638561357
6/13/24,38.25099667,-70.01376,F3902491_73,49.09999847,27.62899971,36.39500046,1.549425006,0.003569818,130.2767168,6.638561357
6/13/24,38.25099667,-70.01376,F3902491_73,49.09999847,27.62899971,36.39500046,1.43445003,0.004246389,130.0922574,6.638561357
6/23/24,36.56149167,-68.97575167,F3902491_74,13.10000038,25.10499954,36.56700134,1.43445003,0.004246389,130.0922574,5.970938387
6/23/24,36.56149167,-68.97575167,F3902491_74,13.10000038,25.10499954,36.56700134,0.24090001,0.002183553,19.22704668,5.970938387
6/23/24,36.56149167,-68.97575167,F3902491_74,13.10000038,25.10499954,36.56700134,0.113150004,0.001561052,9.923370291,5.970938387
7/3/24,35.99532667,-70.27214833,F3902491_75,25.10000038,26.77899933,36.42900085,0.113150004,0.001561052,9.923370291,6.390030312
7/3/24,35.99532667,-70.27214833,F3902491_75,25.10000038,26.77899933,36.42900085,0.430700004,0.002577003,37.74244957,6.390030312
7/3/24,35.99532667,-70.27214833,F3902491_75,25.10000038,26.77899933,36.42900085,0.295650005,0.00174602,24.75339812,6.390030312
7/13/24,37.20297333,-71.04426833,F3902491_76,17,27.38400078,36.50099945,0.295650005,0.00174602,24.75339812,6.638816949
7/13/24,37.20297333,-71.04426833,F3902491_76,17,27.38400078,36.50099945,0.120450005,0.001765963,10.39614586,6.638816949
7/13/24,37.20297333,-71.04426833,F3902491_76,17,27.38400078,36.50099945,0.180066675,0.001748668,nan,6.638816949
7/23/24,37.64186333,-71.45782167,F3902491_77,25,28.81200027,36.2879982,0.180066675,0.001748668,nan,6.948930074
7/23/24,37.64186333,-71.45782167,F3902491_77,25,28.81200027,36.2879982,0.0438,0.000686811,3.635590834,6.948930074
7/23/24,37.64186333,-71.45782167,F3902491_77,25,28.81200027,36.2879982,0.219000012,0.001160066,19.20633383,6.948930074
8/2/24,38.09342167,-69.71371167,F3902491_78,15.10000038,28.43233395,36.36949921,0.219000012,0.001160066,19.20633383,6.883664326
8/2/24,38.09342167,-69.71371167,F3902491_78,15.10000038,28.43233395,36.36949921,0.032850001,0.000698545,2.838020313,6.883664326
8/2/24,38.09342167,-69.71371167,F3902491_78,15.10000038,28.43233395,36.36949921,0.020075001,0.000695977,1.427701705,6.883664326
4/2/24,37.92038,-66.27610167,F4903662_86,26.89999962,21.73999977,36.56480026,0.020075001,0.000695977,1.427701705,4.986253372
4/2/24,37.92038,-66.27610167,F4903662_86,26.89999962,21.73999977,36.56480026,0.065700002,0.001930068,4.962268887,4.986253372
4/2/24,37.92038,-66.27610167,F4903662_86,26.89999962,21.73999977,36.56480026,0.346750021,0.001795314,31.19953874,4.986253372
4/2/24,37.92038,-66.27610167,F4903662_86,26.89999962,21.73999977,36.56480026,0.226300001,0.001648767,19.60319915,4.986253372
4/2/24,37.92038,-66.27610167,F4903662_86,26.89999962,21.73999977,36.56480026,0.122275002,0.001302011,10.74761185,4.986253372
4/7/24,38.451655,-64.883635,F4903662_87,32,22.00139999,36.51900101,0.122275002,0.001302011,10.74761185,5.024634291
4/7/24,38.451655,-64.883635,F4903662_87,32,22.00139999,36.51900101,0.182500005,0.002029241,16.0315635,5.024634291
4/7/24,38.451655,-64.883635,F4903662_87,32,22.00139999,36.51900101,0.138700008,0.001064996,12.17805146,5.024634291
4/7/24,38.451655,-64.883635,F4903662_87,32,22.00139999,36.51900101,0.110960007,0.001260344,9.470046629,5.024634291
4/7/24,38.451655,-64.883635,F4903662_87,32,22.00139999,36.51900101,0.23725,0.002585203,18.86762326,5.024634291
4/7/24,38.451655,-64.883635,F4903662_87,32,22.00139999,36.51900101,0.078475002,0.001708725,6.2169715,5.024634291
4/12/24,38.74784167,-63.22139167,F4903662_88,78.90000153,19.24661064,36.64099884,0.078475002,0.001708725,6.2169715,4.376363278
4/12/24,38.74784167,-63.22139167,F4903662_88,78.90000153,19.24661064,36.64099884,0.118625004,0.00116641,10.28767925,4.376363278
4/12/24,38.74784167,-63.22139167,F4903662_88,78.90000153,19.24661064,36.64099884,0.167900011,0.001076901,14.68806443,4.376363278
4/12/24,38.74784167,-63.22139167,F4903662_88,78.90000153,19.24661064,36.64099884,0.098549999,0.000871784,8.491678193,4.376363278
4/12/24,38.74784167,-63.22139167,F4903662_88,78.90000153,19.24661064,36.64099884,0.0876,0.000835242,7.624257396,4.376363278
5/2/24,37.61785167,-63.04735167,F4903662_92,21.79999924,19.82999992,36.64300156,0.0876,0.000835242,7.624257396,4.529323073
5/2/24,37.61785167,-63.04735167,F4903662_92,21.79999924,19.82999992,36.64300156,0.047450002,0.000685686,3.811225223,4.529323073
5/2/24,37.61785167,-63.04735167,F4903662_92,21.79999924,19.82999992,36.64300156,0.213525005,0.001525524,18.88103784,4.529323073
5/2/24,37.61785167,-63.04735167,F4903662_92,21.79999924,19.82999992,36.64300156,0.313900009,0.001386153,nan,4.529323073
5/2/24,37.61785167,-63.04735167,F4903662_92,21.79999924,19.82999992,36.64300156,0.642399997,0.001386153,nan,4.529323073
5/2/24,37.61785167,-63.04735167,F4903662_92,21.79999924,19.82999992,36.64300156,nan,nan,nan,4.529323073
5/22/24,36.82730167,-63.27636167,F4903662_94,13,22.74200058,36.54159927,nan,nan,nan,5.251739401
6/1/24,37.43680833,-64.59645167,F4903662_95,29.5,22.22539997,36.58399963,nan,nan,nan,5.136840457
4/4/24,39.17573929,-67.3984375,F4902598_57,59.5,15.01500034,35.11500168,nan,nan,nan,2.200534822
4/14/24,38.49567413,-68.06145477,F4902598_58,19.79999924,15.13794994,35.09889984,nan,nan,nan,2.21523512
4/24/24,38.17266083,-66.45407867,F4902598_59,61.5,22.92300034,36.55400085,nan,nan,nan,5.313125305
5/4/24,39.13633347,-64.0326004,F4902598_60,37.79999924,23.87827301,36.49499893,nan,nan,nan,5.547511561
5/14/24,38.71090698,-64.26408386,F4902598_61,31.60000038,15.35599995,34.66684532,nan,nan,nan,1.930041212
4/8/24,39.9609108,-65.33102417,F4902599_55,33.5,16.08499908,35.19300079,nan,nan,nan,2.501190759
4/18/24,39.13161087,-65.97162628,F4902599_56,23.20000076,13.50463581,34.35690689,nan,nan,nan,1.291017609
4/28/24,38.96149445,-66.59065247,F4902599_57,73.5,13.18430042,34.68999863,nan,nan,nan,1.484774174
5/7/24,38.86465073,-66.46870422,F4902599_58,19.60000038,14.07469988,34.34090996,nan,nan,nan,1.397803626
4/9/24,39.50704193,-68.78379822,F4902600_22,63,14.45100021,35.17900085,nan,nan,nan,2.127362816
4/19/24,39.28785706,-69.34503937,F4902600_23,28.60000038,11.03336334,33.77899933,nan,nan,nan,0.35634072
4/29/24,39.36635208,-70.20407867,F4902600_24,11.10000038,13.42180061,34.34880066,nan,nan,nan,1.267628736
5/9/24,39.59332275,-70.74998474,F4902600_25,10.69999981,12.37919998,32.91719818,nan,nan,nan,-0.073170004
5/19/24,39.29293823,-71.8041153,F4902600_26,18.70000076,13.05900002,33.71099854,nan,nan,nan,0.693325246
5/29/24,39.36514282,-71.66855621,F4902600_27,10.5,16.48633385,33.55820084,nan,nan,nan,1.326881478
6/8/24,38.85994339,-72.55134583,F4902600_28,18.60000038,21.26239967,34.54000092,nan,nan,nan,3.311479488
6/18/24,37.97711563,-73.47945404,F4902600_29,10.19999981,20.42900085,33.18450165,nan,nan,nan,2.036307345
6/28/24,37.15540314,-73.91947937,F4902600_30,10.10000038,24.06814957,31.16790009,nan,nan,nan,1.505157702
7/8/24,36.54761887,-73.83829498,F4902600_31,14.39999962,27.83118153,35.99859047,nan,nan,nan,6.405744442
7/18/24,36.65602875,-72.99886322,F4902600_32,27.60000038,29.30029964,36.20500183,nan,nan,nan,7.050944809
7/27/24,37.87314987,-71.45908356,F4902600_33,41.90000153,28.96800041,36.30599976,nan,nan,nan,7.014867938
8/6/24,37.58726501,-69.10166168,F4902600_34,16.20000076,28.60519981,36.32300186,nan,nan,nan,6.906168404
4/2/24,39.78549957,-70.13480377,F4902601_20,17.60000038,8.111136436,33.36053467,nan,nan,nan,-0.464174781
4/12/24,39.81533432,-70.32868195,F4902601_21,15,7.201000214,32.37895203,nan,nan,nan,-1.386725052
4/21/24,39.81136322,-70.77292633,F4902601_22,19.60000038,7.186900139,32.11018372,nan,nan,nan,-1.606735893
5/1/24,39.7996521,-71.127388,F4902601_23,10.5,8.217500687,32.15180016,nan,nan,nan,-1.422268261
5/11/24,39.59077835,-71.7454834,F4902601_24,12.89999962,11.00199986,32.78900146,nan,nan,nan,-0.438603874
5/21/24,39.19384003,-72.13404083,F4902601_25,31.5,14.69199944,34.01599884,nan,nan,nan,1.277091711
5/31/24,39.30661774,-71.90661621,F4902601_26,10.69999981,17.19672775,33.5768013,nan,nan,nan,1.511446147
6/9/24,38.6064949,-72.97388458,F4902601_27,9.5,18.14940071,31.59939957,nan,nan,nan,0.180628509
6/19/24,37.50385284,-73.74906158,F4902601_28,9.800000191,21.66522217,32.99881744,nan,nan,nan,2.233683986
6/29/24,36.79262543,-74.08557129,F4902601_29,10,23.53379917,31.06404877,nan,nan,nan,1.259514534
7/9/24,36.36528015,-73.95217133,F4902601_30,10.60000038,28.60659981,35.82527351,nan,nan,nan,6.531344546
7/29/24,36.99338531,-71.79071808,F4902601_32,29.10000038,27.51099968,36.36000061,nan,nan,nan,6.573788468
6/11/24,42.37130356,-63.24986649,F4902622_7,11.5,12.5720005,32.38190842,nan,nan,nan,-0.464494828
6/21/24,42.38611984,-63.47989273,F4902622_8,11.5,14.28944969,31.63909912,nan,nan,nan,-0.705369746
7/1/24,42.39216995,-63.43335342,F4902622_9,17.10000038,14.93466663,30.84333229,nan,nan,nan,-1.21451627
7/10/24,42.37530136,-63.60411072,F4902622_10,10,16.00619888,30.92900085,nan,nan,nan,-0.895444359
7/20/24,42.32308578,-64.26621246,F4902622_11,9.899999619,18.32350159,30.73018074,nan,nan,nan,-0.483818988
7/30/24,42.18495941,-64.71209717,F4902622_12,9.800000191,17.6760006,31.36000061,nan,nan,nan,-0.133595779
5/3/24,41.44801331,-63.10203171,F4902627_25,15.80000019,6.078999996,32.45420074,nan,nan,nan,-1.47535459
5/13/24,41.44801331,-63.10203171,F4902627_25,15.80000019,6.078999996,32.45420074,nan,nan,nan,-1.47535459
5/23/24,41.5070076,-63.96289825,F4902627_26,14.5,14.60249949,34.38759995,nan,nan,nan,1.54735476
5/23/24,41.4187355,-64.55751801,F4902627_27,nan,14.86900043,34.25500107,nan,nan,nan,1.502338085
6/2/24,40.82927322,-65.45493317,F4902627_28,11.5,11.99100018,31.56890869,nan,nan,nan,-1.239564125
6/12/24,40.82927322,-65.45493317,F4902627_28,11.5,11.99100018,31.56890869,nan,nan,nan,-1.239564125
6/12/24,40.4995575,-65.78992462,F4902627_29,10.39999962,19.79199982,34.33711243,nan,nan,nan,2.758333219
6/22/24,40.4995575,-65.78992462,F4902627_29,10.39999962,19.79199982,34.33711243,nan,nan,nan,2.758333219
6/22/24,39.84213257,-66.92092133,F4902627_30,11.80000019,20.07799911,33.18990326,nan,nan,nan,1.945816902
7/2/24,39.84213257,-66.92092133,F4902627_30,11.80000019,20.07799911,33.18990326,nan,nan,nan,1.945816902
7/2/24,39.2105484,-67.45687103,F4902627_31,10.30000019,22.94704914,32.70285034,nan,nan,nan,2.37179945
7/12/24,39.2105484,-67.45687103,F4902627_31,10.30000019,22.94704914,32.70285034,nan,nan,nan,2.37179945
7/12/24,38.88198853,-67.7017746,F4902627_32,11,26.69569969,33.85639954,nan,nan,nan,4.411821118
7/22/24,38.88198853,-67.7017746,F4902627_32,11,26.69569969,33.85639954,nan,nan,nan,4.411821118
8/1/24,38.65887451,-67.34309387,F4902627_33,16.5,26.32099915,33.77199936,nan,nan,nan,4.22744761
7/26/24,41.91722488,-63.0304718,F4902676_10,10,19.91836357,31.18472672,nan,nan,nan,0.312842632
8/6/24,41.5373497,-63.46282578,F4902676_11,10.19999981,20.4224453,31.20777702,nan,nan,nan,0.470092022
4/5/24,37.19103,-65.44631,F1902444_86,34,21.07999992,36.60499954,nan,nan,nan,4.83483266
4/15/24,37.10347,-66.1883,F1902444_87,42,21.46500015,36.625,nan,nan,nan,4.955594234
4/25/24,36.30449,-67.02566,F1902444_88,14,21.64900017,36.60699844,nan,nan,nan,4.992892856
5/5/24,35.72557,-67.7672,F1902444_89,84.04000092,22.30599976,36.49300003,nan,nan,nan,5.090793622
5/15/24,35.41401,-68.34392,F1902444_90,52.04000092,22.36800003,36.51800156,nan,nan,nan,5.12727213
5/25/24,35.14525,-69.59512,F1902444_91,13.96000004,24.20400047,36.58399963,nan,nan,nan,5.711520525
6/4/24,35.23777,-70.41483,F1902444_92,17.95999908,23.77350044,36.55699921,nan,nan,nan,5.563374763
6/13/24,36.43518,-71.45788,F1902444_93,13,24.18799973,36.48899841,nan,nan,nan,5.635030295
6/23/24,35.64202,-72.24624,F1902444_94,19.04000092,26.5114994,36.57300186,nan,nan,nan,6.413449319
7/3/24,35.82011,-70.87791,F1902444_95,12.03999996,26.25150013,36.36899948,nan,nan,nan,6.177520338
7/13/24,35.9338,-71.6586,F1902444_96,21,26.75499916,36.38100052,nan,nan,nan,6.346191541
7/23/24,37.23014,-70.03578,F1902444_97,42,28.66699982,36.32799911,nan,nan,nan,6.930559614
8/2/24,36.97874,-70.48042,F1902444_98,30,28.02599907,36.22800064,nan,nan,nan,6.642704833
4/2/24,37.70283,-71.48086,F4902109_304,62,24.47800064,36.51499939,nan,nan,nan,5.74154788
4/12/24,38.09542,-70.5458,F4902109_305,22,17.88800049,34.95800018,nan,nan,nan,2.75001666
4/21/24,37.52488,-69.61686,F4902109_306,59.95999908,23.40999985,36.57600021,nan,nan,nan,5.47101708
5/1/24,37.8805,-67.51268,F4902109_307,39.95999908,24.7869997,36.5945015,nan,nan,nan,5.894847827
5/11/24,37.90117,-64.68044,F4902109_308,27.95999908,22.07600021,36.6230011,nan,nan,nan,5.124249157
5/21/24,36.99486,-63.63464,F4902109_309,10.23999977,21.19299984,36.69449997,nan,nan,nan,4.933433361
5/30/24,37.18866,-65.396,F4902109_310,11.96000004,22.81699944,36.50799942,nan,nan,nan,5.247856888
6/9/24,36.79787,-66.56395,F4902109_311,12,24.2045002,36.7159996,nan,nan,nan,5.81125198
6/19/24,36.33393,-66.67137,F4902109_312,16,23.69750023,36.53499985,nan,nan,nan,5.524360792
6/29/24,36.04271,-65.35875,F4902109_313,26,28.11800003,29.6970005,nan,nan,nan,1.68380939
7/8/24,35.66795,-65.82013,F4902109_314,10.23999977,26.24099922,29.80049992,nan,nan,nan,1.127852135
7/18/24,35.68787,-65.58783,F4902109_315,32,28.58499908,29.47900009,nan,nan,nan,1.675245065
7/28/24,35.60324,-65.52899,F4902109_316,10.27999973,28.04450035,29.5114994,nan,nan,nan,1.515655169
8/7/24,34.76823,-65.57993,F4902109_317,10.19999981,28.39949989,29.19750023,nan,nan,nan,1.394675379
4/6/24,36.61639,-63.43948,F4902111_307,52,20.09049988,36.66999817,nan,nan,nan,4.618340823
4/15/24,35.99276,-63.5948,F4902111_308,18,19.34549999,36.66199875,nan,nan,nan,4.417747695
4/25/24,35.92324,-64.07835,F4902111_309,60,19.33750057,36.64400101,nan,nan,nan,4.402040596
5/5/24,35.32026,-64.80309,F4902111_310,27.95999908,19.91650009,36.67200089,nan,nan,nan,4.57399842
5/14/24,34.75829,-65.6692,F4902111_311,24,21.14599991,36.64599991,nan,nan,nan,4.883884349
5/24/24,34.62468,-65.84388,F4902111_312,10.19999981,21.88799953,36.69049835,nan,nan,nan,5.122595947
6/3/24,33.90649,-66.93033,F4902111_313,28,22.6885004,36.72999954,nan,nan,nan,5.378772824
6/13/24,33.41726,-66.7803,F4902111_314,14.03999996,23.75450039,36.66249847,nan,nan,nan,5.637411824
6/22/24,34.12404,-66.59711,F4902111_315,11.96000004,24.56299973,36.69100189,nan,nan,nan,5.899910868
7/2/24,34.73109,-67.79431,F4902111_316,10.23999977,25.82450008,36.625,nan,nan,nan,6.236731951
7/12/24,34.47513,-69.013,F4902111_317,14,27.80900002,36.48199844,nan,nan,nan,6.76288341
7/22/24,33.86827,-69.36556,F4902111_318,33.95999908,28.65600014,36.36399841,nan,nan,nan,6.954008955
7/31/24,33.79525,-69.60488,F4902111_319,10.19999981,28.16650009,36.20300102,nan,nan,nan,6.670165644
4/7/24,35.3565,-73.58791,F4902114_297,34,23.6590004,36.73199844,nan,nan,nan,5.661739224
4/17/24,36.25908,-73.18528,F4902114_298,94,23.59049988,36.51049995,nan,nan,nan,5.474395004
4/9/24,32.06593,-75.04762,F4902120_295,12,23.22749996,29.57699966,nan,nan,nan,-0.031891374
4/19/24,31.78142,-75.21079,F4902120_296,20,21.17750072,29.76099968,nan,nan,nan,-0.503186925
4/29/24,31.53418,-75.99565,F4902120_297,40.04000092,20.96049976,29.75099945,nan,nan,nan,-0.574933465
5/9/24,31.71336,-76.48679,F4902120_298,10.23999977,23.0284996,29.75300026,nan,nan,nan,0.049774017
5/20/24,32.1975,-76.31873,F4902120_299,17.95999908,26.91899967,29.47200012,nan,nan,nan,1.101171935
5/30/24,32.7545,-76.02593,F4902120_300,20,24.9470005,29.59200001,nan,nan,nan,0.534350457
6/9/24,33.84015,-75.24325,F4902120_301,16.04000092,25.9204998,29.59600067,nan,nan,nan,0.860625847
6/19/24,35.52521,-73.74641,F4902120_302,19.95999908,26.00699997,29.57299995,nan,nan,nan,0.871587704
6/29/24,37.45212,-71.88924,F4902120_303,28,27.51049995,29.48900032,nan,nan,nan,1.315891597
7/9/24,37.74288,-69.32816,F4902120_304,20.04000092,27.32699966,29.52149963,nan,nan,nan,1.278396815
7/19/24,36.28778,-69.45483,F4902120_305,15.96000004,27.70499992,29.40399933,nan,nan,nan,1.316752109
7/29/24,35.16336,-69.34773,F4902120_306,16,27.51449966,29.47149944,nan,nan,nan,1.3037494
4/6/24,40.72902,-66.18442,F4902344_280,21.95999908,6.092000008,32.90100098,nan,nan,nan,-1.113350745
4/16/24,40.28729,-66.36406,F4902344_281,10.23999977,5.805999994,32.20349884,nan,nan,nan,-1.712382797
4/26/24,39.78855,-66.59244,F4902344_282,16.04000092,7.508499861,32.57799911,nan,nan,nan,-1.18201696
5/6/24,39.835,-66.87904,F4902344_283,14,12.23700047,34.12450027,nan,nan,nan,0.85523435
5/16/24,39.67703,-66.92873,F4902344_284,10.27999973,16.40250015,34.34600067,nan,nan,nan,1.920904889
5/26/24,39.31314,-67.15599,F4902344_285,12,19.15250015,34.62900162,nan,nan,nan,2.816086453
6/5/24,39.20666,-67.93804,F4902344_286,28.04000092,20.82800007,35.29199982,nan,nan,nan,3.767981712
4/4/24,37.23266,-74.07888,F4902345_297,383.9599915,8.119000435,0.140000001,nan,nan,nan,6.405698522
4/13/24,36.88798,-74.46842,F4902345_298,177.9600067,10.99749994,0.158500001,nan,nan,nan,13.109783
4/23/24,36.75157,-74.34421,F4902345_299,284.0400085,10.2874999,0.144999996,nan,nan,nan,17.90004738
5/3/24,36.85677,-73.89616,F4902345_300,300,11.15650034,0.141000003,nan,nan,nan,11.63777291
5/13/24,37.05325,-73.76973,F4902345_301,46,23.6960001,0.206500001,nan,nan,nan,-58.16932206
5/23/24,36.4899,-73.99114,F4902345_302,28,25.78299999,0.221000001,nan,nan,nan,-9.656990403
6/1/24,37.54229,-72.98058,F4902345_303,28,19.91149998,0.193000004,nan,nan,nan,-115.8437298
6/11/24,38.36294,-72.15302,F4902345_304,32,23.19449997,0.209000006,nan,nan,nan,-69.93734025
6/21/24,38.64951,-71.70227,F4902345_305,35.91999817,25.5510006,0.222000003,nan,nan,nan,-14.29515669
7/1/24,38.98351,-71.25958,F4902345_306,22.12000084,26.94599915,0.231000006,nan,nan,nan,6.059540813
7/11/24,38.74158,-72.13452,F4902345_307,10.27999973,26.57299995,0.232999995,nan,nan,nan,2.687769435
7/20/24,38.61954,-71.72822,F4902345_308,22,28.02950001,0.243500002,nan,nan,nan,2.625319474
7/30/24,38.63904,-70.83348,F4902345_309,10.15999985,26.29199982,0.230000004,nan,nan,nan,-0.989568806
4/10/24,36.04774,-68.69477,F4902928_234,152.0399933,19.35499954,36.64400101,nan,nan,nan,4.40655417
4/20/24,36.14661,-70.30147,F4902928_235,38.04000092,19.71350002,36.60449982,nan,nan,nan,4.469663191
4/30/24,35.48832,-69.94628,F4902928_236,116.0400009,18.58550072,36.25,nan,nan,nan,3.91128126
5/10/24,35.90803,-70.9925,F4902928_237,14.03999996,20.61450005,36.23199844,nan,nan,nan,4.425933303
5/20/24,34.97715,-71.10012,F4902928_238,15.96000004,21.36850071,36.625,nan,nan,nan,4.929003697
5/29/24,35.13154,-70.73739,F4902928_239,10.27999973,23.55900002,36.47600174,nan,nan,nan,5.439085982
6/8/24,35.52799,-70.71346,F4902928_240,18.04000092,24.16899967,36.52299881,nan,nan,nan,5.655032144
6/18/24,36.47187,-71.73043,F4902928_241,11.96000004,24.72800064,36.40200043,nan,nan,nan,5.731702493
6/28/24,36.58078,-72.03777,F4902928_242,19.95999908,26.56999969,36.50099945,nan,nan,nan,6.377757281
7/8/24,37.61535,-71.51187,F4902928_243,26,29.26949978,36.31399918,nan,nan,nan,7.122652227
7/18/24,37.53294,-69.39778,F4902928_244,21.95999908,27.40950012,36.44200134,nan,nan,nan,6.602634145
7/28/24,36.86388,-69.10552,F4902928_245,20.04000092,28.20299911,36.31800079,nan,nan,nan,6.768890481
8/7/24,36.42311,-68.05049,F4902928_246,15.96000004,28.73500061,35.7159996,nan,nan,nan,6.491783916
4/8/24,32.99928,-65.05999,F4903035_243,154.0399933,19.40450001,36.65250015,nan,nan,nan,4.425779392
4/18/24,32.9382,-65.43626,F4903035_244,19.95999908,20.01950073,36.63150024,nan,nan,nan,4.570429865
4/28/24,32.98765,-65.58484,F4903035_245,55.91999817,20.03350067,36.66999817,nan,nan,nan,4.603289526
5/8/24,33.16595,-65.11577,F4903035_246,20.04000092,20.62349987,36.72850037,nan,nan,nan,4.804706243
5/18/24,33.72422,-64.44869,F4903035_247,38.04000092,21.16699982,36.70999908,nan,nan,nan,4.938046966
5/28/24,33.82087,-64.29178,F4903035_248,15.96000004,22.95700073,36.7140007,nan,nan,nan,5.443789509
6/7/24,33.89642,-64.35748,F4903035_249,17.95999908,23.81550026,36.85400009,nan,nan,nan,5.799846807
6/17/24,33.55952,-64.07208,F4903035_250,14,24.97400093,36.63700104,nan,nan,nan,5.983735747
6/26/24,33.57114,-63.95493,F4903035_251,14,25.54949951,36.80400085,nan,nan,nan,6.286222982
7/6/24,33.68146,-63.62534,F4903035_252,16,26.12050056,36.8409996,nan,nan,nan,6.491949666
7/16/24,33.63061,-63.47095,F4903035_253,11.96000004,27.58300018,36.82799911,nan,nan,nan,6.949613523
7/26/24,33.495,-63.62776,F4903035_254,13.96000004,28.35350037,36.54349899,nan,nan,nan,6.988561351
8/5/24,33.38509,-64.10834,F4903035_255,20.04000092,28.31599998,36.85400009,nan,nan,nan,7.209862171
4/7/24,37.54925,-65.37169,F4903049_202,92,18.8239994,36.57899857,nan,nan,nan,4.221457274
4/17/24,39.01724,-63.31842,F4903049_203,38,21.52200031,36.61299896,nan,nan,nan,4.962257147
4/4/24,32.10702,-69.88372,F4903050_189,25.95999908,21.08099937,36.79700089,nan,nan,nan,4.980365716
4/14/24,32.27544,-69.53355,F4903050_190,52,20.20449924,36.75799942,nan,nan,nan,4.715158565
4/24/24,33.01816,-70.2137,F4903050_191,49.91999817,20.57600021,36.75500107,nan,nan,nan,4.812002605
5/3/24,33.43325,-71.09884,F4903050_192,12,23.55300045,36.57400131,nan,nan,nan,5.511356535
5/13/24,33.47184,-71.72013,F4903050_193,36,23.23649979,36.58050156,nan,nan,nan,5.423867049
5/23/24,33.53084,-71.74585,F4903050_194,10.23999977,22.80499935,36.62599945,nan,nan,nan,5.333597669
6/2/24,33.32301,-71.98551,F4903050_195,16.07999992,24.3239994,36.56900024,nan,nan,nan,5.736081238
6/12/24,33.21061,-72.95519,F4903050_196,12,24.73349953,36.36450005,nan,nan,nan,5.705051919
6/22/24,33.13669,-73.84676,F4903050_197,16,24.92300034,36.45100021,nan,nan,nan,5.827899416
7/2/24,33.01375,-74.7388,F4903050_198,10.15999985,26.89699936,36.43899918,nan,nan,nan,6.435283205
7/12/24,32.84765,-75.19398,F4903050_199,21.95999908,27.6609993,36.65100098,nan,nan,nan,6.841800202
7/22/24,32.93251,-75.32178,F4903050_200,11.96000004,28.23600006,36.59449959,nan,nan,nan,6.988062135
7/31/24,33.2814,-75.00822,F4903050_201,22.04000092,28.49200058,36.55699921,nan,nan,nan,7.044721109
4/14/24,36.43739,-63.56912,F4903056_192,292,18.27350044,36.57799911,nan,nan,nan,4.082501771
4/24/24,37.58961,-64.28108,F4903056_193,78.04000092,18.35700035,36.55849838,nan,nan,nan,4.088488121
5/4/24,38.84425,-63.34831,F4903056_194,51.95999908,20.01099968,36.72100067,nan,nan,nan,4.635985139
4/3/24,38.81783,-69.77256,F4903233_368,299.9599915,9.737000465,0.079000004,nan,nan,nan,19.21309308
4/8/24,38.7963,-70.14772,F4903233_369,610,6.739500046,0.071999997,nan,nan,nan,-23.71870156
4/13/24,38.8402,-70.55048,F4903233_370,476,6.969500065,0.079000004,nan,nan,nan,-17.40749411
4/18/24,38.81909,-70.72486,F4903233_371,412,7.23849988,0.068000004,nan,nan,nan,-10.64218726
4/23/24,38.73376,-70.8063,F4903233_372,342,7.999000072,0.067000002,nan,nan,nan,4.73324769
4/28/24,38.66658,-70.84805,F4903233_373,447.9599915,7.653499842,0.064999998,nan,nan,nan,-1.557056278
5/2/24,38.63981,-70.72224,F4903233_374,62,18.93900013,0.082999997,nan,nan,nan,-116.5404466
5/7/24,38.72543,-70.75652,F4903233_375,73.95999908,17.77400017,0.082000002,nan,nan,nan,-107.4061835
5/12/24,38.74645,-71.18151,F4903233_376,67.95999908,15.83050013,0.078000002,nan,nan,nan,-75.93938423
5/17/24,38.47749,-71.69779,F4903233_377,60.04000092,15.76249981,0.075999998,nan,nan,nan,-74.59101387
5/22/24,38.12226,-71.62589,F4903233_378,46,26.22649956,0.098999999,nan,nan,nan,-1.742695739
5/27/24,37.50826,-71.17566,F4903233_379,10.27999973,23.86149979,0.097000003,nan,nan,nan,-54.61353638
5/31/24,37.21268,-71.25632,F4903233_380,17.95999908,23.73750019,0.103,nan,nan,nan,-57.63150811
6/5/24,37.23628,-71.51541,F4903233_381,17.95999908,23.69649982,0.112000003,nan,nan,nan,-58.59068477
6/10/24,37.61349,-71.05133,F4903233_382,25.95999908,24.21500015,0.118000001,nan,nan,nan,-45.77869885
6/15/24,37.66809,-70.31872,F4903233_383,20,24.31750011,0.119999997,nan,nan,nan,-43.22856012
6/20/24,37.42377,-69.78009,F4903233_384,19.95999908,24.60899925,0.119999997,nan,nan,nan,-36.03003828
6/25/24,37.02082,-69.23652,F4903233_385,30,24.89299965,0.112000003,nan,nan,nan,-29.15492941
6/29/24,36.35735,-68.73685,F4903233_386,10.19999981,27.63249969,0.091499999,nan,nan,nan,6.92208835
7/4/24,36.05379,-67.74708,F4903233_387,35.91999817,26.78199959,0.096000001,nan,nan,nan,5.149591962
7/9/24,37.33179,-66.98724,F4903233_388,16.04000092,26.17650032,0.094999999,nan,nan,nan,-2.526176957
7/14/24,38.38436,-66.8186,F4903233_389,30,27.53300095,0.098999999,nan,nan,nan,7.36761876
7/19/24,37.97833,-65.79294,F4903233_390,40,28.60750008,0.100000001,nan,nan,nan,-9.762895692
7/24/24,37.32124,-65.71596,F4903233_391,28.04000092,27.37599945,0.097999997,nan,nan,nan,7.711314478
7/28/24,36.84851,-66.24333,F4903233_392,19.95999908,26.33099937,0.097000003,nan,nan,nan,-0.170237193
8/2/24,36.98803,-66.92483,F4903233_393,32,26.41449928,0.108999997,nan,nan,nan,0.973933677
8/7/24,37.39346,-67.47372,F4903233_394,14,27.78700066,0.086999997,nan,nan,nan,5.803557864
5/30/24,32.00152,-77.3263,F4903237_375,17.92000008,29.0340004,26.70599937,nan,nan,nan,-0.343898104
5/31/24,32.91111,-76.41467,F4903237_376,22,28.73699951,26.68799973,nan,nan,nan,-0.438438318
6/1/24,33.56118,-75.8712,F4903237_377,nan,nan,nan,nan,nan,nan,nan
6/2/24,34.29736,-75.34245,F4903237_378,nan,nan,nan,nan,nan,nan,nan
6/4/24,35.05677,-74.69374,F4903237_379,nan,nan,nan,nan,nan,nan,nan
6/9/24,35.70027,-74.16375,F4903237_380,49.95999908,28.14999962,26.58699989,nan,nan,nan,-0.691429577
6/14/24,36.32285,-73.40491,F4903237_381,26.04000092,28.31500053,26.56200027,nan,nan,nan,-0.659165946
6/20/24,36.87914,-72.72462,F4903237_382,14.07999992,28.18400002,26.53499985,nan,nan,nan,-0.720224199
6/25/24,37.5989,-72.04121,F4903237_383,30,28.29949951,26.43499947,nan,nan,nan,-0.760684878
7/1/24,38.36599,-70.96648,F4903237_384,30.04000092,28.30900002,26.33500004,nan,nan,nan,-0.833958494
7/6/24,38.29222,-69.64943,F4903237_385,20,27.79650021,26.40999985,nan,nan,nan,-0.940157618
7/12/24,37.65208,-68.90031,F4903237_386,38.04000092,28.57099915,26.30699921,nan,nan,nan,-0.779627232
7/17/24,36.01818,-69.33059,F4903237_387,17.95999908,28.02300072,26.27350044,nan,nan,nan,-0.968958572
7/23/24,35.53955,-69.78444,F4903237_388,20,27.23649979,26.33499908,nan,nan,nan,-1.19216393
7/28/24,35.14097,-70.15052,F4903237_389,28.04000092,27.56150055,26.30599976,nan,nan,nan,-1.09839609
8/3/24,34.81813,-70.635,F4903237_390,15.96000004,27.58399963,26.25699997,nan,nan,nan,-1.127360247
7/23/24,32.43521,-77.54421,F4903238_393,10.23999977,29.12000084,35.57649994,nan,nan,nan,6.515912267
7/25/24,32.53231,-77.30288,F4903238_394,23.92000008,30.35649967,36.5929985,nan,nan,nan,7.705666233
7/28/24,33.11495,-77.09589,F4903238_395,28.07999992,28.52400017,36.14300156,nan,nan,nan,6.743452592
7/31/24,33.13195,-77.12688,F4903238_396,28,29.01249981,36.23600006,nan,nan,nan,6.977092524
8/2/24,33.42903,-76.69269,F4903238_397,29.92000008,29.70949936,36.30550003,nan,nan,nan,7.266012555
8/5/24,34.70053,-75.10361,F4903238_398,34,29.70600033,36.41199875,nan,nan,nan,7.345069872
8/7/24,37.15329,-72.6627,F4903238_399,16,28.52250004,36.13899994,nan,nan,nan,6.739936508
4/8/24,39.62272,-66.8552,F4903252_257,55.95999908,16.94449997,35.23300171,nan,nan,nan,2.732841712
4/18/24,39.67646,-67.92913,F4903252_258,17.95999908,11.94950008,34.06399918,nan,nan,nan,0.752289812
4/28/24,39.55437,-68.13882,F4903252_259,66,13.91099977,34.68499947,nan,nan,nan,1.630830706
5/8/24,39.21565,-68.34658,F4903252_260,10.23999977,15.80299997,35.08150101,nan,nan,nan,2.350940811
5/18/24,38.9912,-68.88982,F4903252_261,13.96000004,10.15049982,32.82900047,nan,nan,nan,-0.558783465
5/28/24,39.13391,-69.62111,F4903252_262,14,18.42599964,35.39949989,nan,nan,nan,3.222360179
6/7/24,38.90295,-69.90422,F4903252_263,10.27999973,17.70249939,34.02949905,nan,nan,nan,1.987474743
6/17/24,38.94601,-70.23409,F4903252_264,8.960000038,19.6239996,32.63599968,nan,nan,nan,1.390879216
6/26/24,39.0505,-70.52654,F4903252_265,8.960000038,26.23550034,34.57349968,nan,nan,nan,4.812162081
7/6/24,39.33957,-71.44445,F4903252_266,10.27999973,23.59449959,33.11600113,nan,nan,nan,2.883410835
7/16/24,39.46611,-71.78189,F4903252_267,8.960000038,26.33349991,33.76800156,nan,nan,nan,4.228368738
7/26/24,39.30271,-71.65104,F4903252_268,9,26.51599979,33.33349991,nan,nan,nan,3.953807546
8/5/24,38.49714,-72.99057,F4903252_269,9,26.25,32.00799942,nan,nan,nan,2.847319107
4/1/24,32.3871,-67.68142,F4903256_305,96,19.38699913,36.65100098,nan,nan,nan,4.420121458
4/11/24,33.39553,-68.10242,F4903256_306,182,19.42000008,36.66899872,nan,nan,nan,4.442292192
4/21/24,33.93066,-68.14503,F4903256_307,19.95999908,20.56299973,36.74200058,nan,nan,nan,4.798676648
5/1/24,34.22241,-67.68745,F4903256_308,10.23999977,21.13600063,36.6969986,nan,nan,nan,4.919741224
5/11/24,33.74744,-67.78576,F4903256_309,24,21.125,36.69200134,nan,nan,nan,4.912956316
5/20/24,33.13812,-68.0162,F4903256_310,22,21.63049984,36.7120018,nan,nan,nan,5.067177636
5/30/24,32.78977,-67.81226,F4903256_311,12,23.60999966,36.63199997,nan,nan,nan,5.571875
6/9/24,32.66795,-67.65165,F4903256_312,10.27999973,24.30749989,36.70299911,nan,nan,nan,5.832229133
6/19/24,32.63415,-67.81091,F4903256_313,28.07999992,24.49399948,36.56600189,nan,nan,nan,5.784849802
6/29/24,32.65454,-67.89352,F4903256_314,10.27999973,25.52600002,36.4545002,nan,nan,nan,6.015549848
7/9/24,32.64719,-68.0579,F4903256_315,14,26.44499969,36.50699997,nan,nan,nan,6.342654312
7/19/24,32.65421,-68.67211,F4903256_316,16,27.80749989,36.56100082,nan,nan,nan,6.821891132
7/29/24,32.39436,-69.16302,F4903256_317,15.96000004,28.38599968,36.56100082,nan,nan,nan,7.012519531
8/7/24,31.91591,-69.08666,F4903256_318,20,28.90399933,36.71699905,nan,nan,nan,7.302897096
4/1/24,33.83522,-63.71122,F4903329_127,36,19.95999908,36.71300125,nan,nan,nan,4.616494864
4/11/24,33.58559,-64.54609,F4903329_128,104.0400009,19.5909996,36.68700027,nan,nan,nan,4.500272178
4/20/24,33.12842,-65.14328,F4903329_129,18,20.31599998,36.63399887,nan,nan,nan,4.65089258
4/30/24,32.98906,-64.8647,F4903329_130,31.95999908,19.96450043,36.66500092,nan,nan,nan,4.581320522
5/10/24,33.54767,-64.3379,F4903329_131,34,20.70599937,36.67599869,nan,nan,nan,4.787174498
5/20/24,33.96489,-63.53499,F4903329_132,20,21.43700027,36.67399979,nan,nan,nan,4.984940827
7/28/24,35.70044,-63.20876,F4903329_139,20.04000092,28.07799911,36.57600021,nan,nan,nan,6.92199336
8/7/24,35.94616,-63.02974,F4903329_140,10.23999977,28.09250069,36.48400116,nan,nan,nan,6.857488649
5/29/24,34.5579,-70.9864,F5906966_107,12.98830986,23.69158936,36.64527893,nan,nan,nan,5.605884584
4/14/24,42.395,-63.327,F3901601_277,35.5,5.217999935,27.14999962,nan,nan,nan,-6.02773135
4/24/24,42.332,-63.428,F3901601_278,10.80000019,5.421000004,26.51000023,nan,nan,nan,-6.557437806
5/4/24,41.844,-63.456,F3901601_279,1350.599976,8.324000359,27.37800026,nan,nan,nan,-5.337057309
5/14/24,41.86,-63.398,F3901601_280,10.60000038,6.864999771,26.67499924,nan,nan,nan,-6.155050088
5/24/24,42.269,-63.295,F3901601_281,10.30000019,10.21800041,27.05599976,nan,nan,nan,-5.303099552
6/3/24,42.439,-63.395,F3901601_282,20.70000076,9.72300005,26.18950081,nan,nan,nan,-6.083718318
6/13/24,42.462,-63.559,F3901601_283,180.1000061,12.17350006,26.47350025,nan,nan,nan,-5.492445498
6/23/24,42.543,-63.407,F3901601_284,10.69999981,15.44950008,26.09149933,nan,nan,nan,-5.326096984
7/3/24,42.543,-63.414,F3901601_285,10.60000038,15.11749983,25.43700027,nan,nan,nan,-6.019130337
7/13/24,42.528,-63.533,F3901601_286,10.89999962,17.91400051,25.40399933,nan,nan,nan,-5.535309331
7/23/24,42.426,-64.077,F3901601_287,10.30000019,18.62300014,25.3210001,nan,nan,nan,-5.44736007
8/2/24,42.347,-64.372,F3901601_288,10.60000038,18.92700005,25.44599915,nan,nan,nan,-5.228677404
4/1/24,32.544,-73.759,F3901604_276,20.60000038,20.43600082,36.66799927,nan,nan,nan,4.70865335
4/11/24,33.447,-74.274,F3901604_277,45.40000153,22.06300068,36.61399841,nan,nan,nan,5.113788678
4/21/24,33.891,-74.5,F3901604_278,30.60000038,25.25,36.36399841,nan,nan,nan,5.862213694
5/1/24,33.811,-74.273,F3901604_279,10.19999981,24.07999992,36.52399826,nan,nan,nan,5.629272387
5/11/24,33.409,-73.954,F3901604_280,18.39999962,25.2689991,36.53099823,nan,nan,nan,5.994045029
5/21/24,33.456,-74.977,F3901604_281,10.69999981,24.23699951,36.45100021,nan,nan,nan,5.620971105
5/31/24,34.657,-74.012,F3901604_282,16,27.32599926,36.34749985,nan,nan,nan,6.504382997
6/10/24,34.941,-73.422,F3901604_283,10.39999962,26.80599976,36.44100189,nan,nan,nan,6.407695707
6/20/24,35.284,-73.358,F3901604_284,20.89999962,26.07249928,36.56850052,nan,nan,nan,6.271659338
6/30/24,35.132,-72.605,F3901604_285,10.69999981,26.95999908,36.4070015,nan,nan,nan,6.431351383
7/10/24,34.586,-72.184,F3901604_286,10.10000038,27.05049992,36.42549896,nan,nan,nan,6.474339311
7/20/24,34.117,-73.092,F3901604_287,20.89999962,27.55250072,36.4659996,nan,nan,nan,6.667145585
7/30/24,34.024,-73.757,F3901604_288,19.39999962,27.90600014,36.48950005,nan,nan,nan,6.800315747
4/4/24,30.603,-71.892,F3901605_276,30.10000038,21.26699924,36.88999939,nan,nan,nan,5.101493321
4/14/24,31.376,-72.319,F3901605_277,39.5,20.39999962,36.8390007,nan,nan,nan,4.828454675
4/24/24,31.666,-71.761,F3901605_278,40.29999924,20.90299988,36.84600067,nan,nan,nan,4.969024826
5/4/24,30.894,-71.105,F3901605_279,10.69999981,21.20999908,36.81700134,nan,nan,nan,5.030719733
5/14/24,30.547,-72.006,F3901605_280,20.5,22.43899918,36.94900131,nan,nan,nan,5.472975491
5/24/24,31.059,-73.131,F3901605_281,9.800000191,24.07349968,36.83349991,nan,nan,nan,5.860821949
6/3/24,31.484,-73.062,F3901605_282,25.70000076,24.56850052,36.95199966,nan,nan,nan,6.098233877
6/13/24,31.963,-71.805,F3901605_283,14.5,25.94799995,36.75500107,nan,nan,nan,6.373189094
6/23/24,31.453,-70.727,F3901605_284,20.60000038,25.07650089,36.76799965,nan,nan,nan,6.113737351
7/3/24,30.72,-70.53,F3901605_285,10.39999962,26.95299911,36.70399857,nan,nan,nan,6.652822818
7/13/24,30.799,-70.061,F3901605_286,15.60000038,27.30900002,36.79199982,nan,nan,nan,6.83364821
7/23/24,31.565,-69.9,F3901605_287,10,28.23700047,36.73950005,nan,nan,nan,7.097548788
8/2/24,31.723,-69.972,F3901605_288,10.5,28.61100006,36.68899918,nan,nan,nan,7.18374221
7/26/24,35.43243833,-63.02673833,F6903121_96,9.899999619,28.10700035,36.58300018,nan,nan,nan,6.93681968
4/4/24,37.300245,-63.57198,F6903122_85,39.70000076,20.57299995,36.61700058,nan,nan,nan,4.706727019
4/14/24,37.05792833,-64.811465,F6903122_86,20.70000076,20.38199997,36.57799911,nan,nan,nan,4.626059677
4/25/24,37.01637,-65.24112167,F6903122_87,80.59999847,22.71500015,36.39799881,nan,nan,nan,5.135392862
5/5/24,37.25537333,-65.14220833,F6903122_88,70.19999695,22.2859993,36.52199936,nan,nan,nan,5.107072563
5/15/24,37.27249667,-65.76838,F6903122_89,12,21.57000065,36.53950119,nan,nan,nan,4.919914195
5/25/24,38.71031,-63.58836667,F6903122_90,9.800000191,23.30950069,36.57250023,nan,nan,nan,5.439062088
4/10/24,38.18965149,-67.89772797,F4902498_158,17.10000038,13.00699997,34.10950089,nan,nan,nan,0.99599175
4/20/24,37.758358,-65.85964203,F4902498_159,43.90000153,23.79800034,36.41799927,nan,nan,nan,5.465607385
5/1/24,39.25232697,-63.40436172,F4902498_160,83.80000305,22.50600052,36.625,nan,nan,nan,5.24737697
5/11/24,40.79696274,-63.25973129,F4902498_161,16.10000038,14.40699959,34.04899979,nan,nan,nan,1.241020351
4/5/24,29.68992424,-70.86741638,F4902501_126,45.90000153,21.35050011,36.77299881,nan,nan,nan,5.035992434
4/15/24,29.39564323,-70.84417725,F4902501_127,18.89999962,22.10650063,36.80049896,nan,nan,nan,5.266960705
4/25/24,29.12825584,-70.66777802,F4902501_128,16.89999962,22.23649979,36.78250122,nan,nan,nan,5.289989553
5/26/24,29.12579918,-69.79356384,F4902501_131,16.79999924,23.28949928,36.79949951,nan,nan,nan,5.604603689
6/5/24,29.58119774,-69.58641052,F4902501_132,13.10000038,25.1760006,36.74399948,nan,nan,nan,6.126086102
6/15/24,29.75856972,-68.95802307,F4902501_133,10.10000038,25.72700024,36.71450043,nan,nan,nan,6.273830035
6/26/24,29.88584518,-68.27500153,F4902501_134,18.10000038,27.12700081,36.6609993,nan,nan,nan,6.676330384
7/6/24,29.99909401,-67.77623749,F4902501_135,16.10000038,27.47999954,36.6609993,nan,nan,nan,6.790436986
7/16/24,29.9312458,-67.38383484,F4902501_136,20.79999924,28.03800011,36.52000046,nan,nan,nan,6.866655027
7/26/24,30.01739693,-67.12554932,F4902501_137,13,28.87349987,36.43600082,nan,nan,nan,7.081059339
4/6/24,36.9189415,-69.23097229,F4902503_126,34.90000153,22.00250053,36.54800034,nan,nan,nan,5.046884895
4/16/24,37.2044487,-68.84992218,F4902503_127,13.10000038,22.04000092,36.52600098,nan,nan,nan,5.040765142
4/26/24,37.6344986,-66.57418823,F4902503_128,64,22.77099991,36.48350143,nan,nan,nan,5.216126848
5/7/24,39.17726517,-64.41714478,F4902503_129,15.80000019,16.34749985,35.01049995,nan,nan,nan,2.421446743
5/17/24,38.77449799,-63.86344147,F4902503_130,20.79999924,22.31999969,36.03849983,nan,nan,nan,4.75042603
4/1/24,39.75439072,-71.46305084,F4902515_91,21,8.53249979,33.50099945,nan,nan,nan,-0.287493586
4/11/24,39.43855667,-71.97101593,F4902515_92,11.89999962,6.859000206,32.47299957,nan,nan,nan,-1.357822188
4/22/24,39.41678238,-72.09306335,F4902515_93,12.10000038,9.437999725,33.16999817,nan,nan,nan,-0.4064046
5/2/24,39.27206039,-72.1079483,F4902515_94,11,9.253499985,32.97500038,nan,nan,nan,-0.593202596
5/12/24,38.95002365,-72.62775421,F4902515_95,15.89999962,8.588000298,32.04899979,nan,nan,nan,-1.448536841
5/22/24,38.8963089,-72.75024414,F4902515_96,18,12.68250036,33.51549911,nan,nan,nan,0.463054072
6/2/24,38.66139221,-72.99847412,F4902515_97,10,13.09100008,33.27249908,nan,nan,nan,0.35301631
6/12/24,38.16850662,-73.5165863,F4902515_98,9.899999619,21.12199974,34.72000122,nan,nan,nan,3.410807378
6/22/24,37.84377289,-73.67163849,F4902515_99,9.800000191,26.67700005,35.90600014,nan,nan,nan,5.962877611
7/3/24,37.14390945,-74.10968018,F4902515_100,12.80000019,24.02099991,29.75399971,nan,nan,nan,0.363737913
7/13/24,36.56793594,-74.32041931,F4902515_101,11,26.64299965,29.98349953,nan,nan,nan,1.404977613
7/23/24,38.72270966,-71.30487061,F4902515_102,11,27.85899925,34.90149879,nan,nan,nan,5.585254595
4/2/24,34.40633011,-67.32929993,F4902518_91,26,19.74800014,36.64149857,nan,nan,nan,4.506720965
4/13/24,34.61077499,-66.83219147,F4902518_92,46.79999924,20.8579998,36.64799881,nan,nan,nan,4.807046818
4/23/24,34.20569611,-66.32413483,F4902518_93,48,20.22850037,36.61600113,nan,nan,nan,4.613992986
5/3/24,33.38063431,-66.29947662,F4902518_94,12,20.71000004,36.70149994,nan,nan,nan,4.807555035
5/13/24,33.19007111,-66.2561264,F4902518_95,35.09999847,20.87000084,36.69599915,nan,nan,nan,4.846627766
5/23/24,33.43125153,-65.6636734,F4902518_96,10.80000019,21.57649994,36.68149948,nan,nan,nan,5.029151659
6/3/24,34.1153717,-66.13342285,F4902518_97,16.10000038,22.54000092,36.66400146,nan,nan,nan,5.286531114
6/13/24,34.25115585,-66.95487213,F4902518_98,14,23.7614994,36.63100052,nan,nan,nan,5.615702678
6/23/24,34.02854919,-67.53066254,F4902518_99,12,24.5,36.69649887,nan,nan,nan,5.88508727
7/3/24,34.16233826,-67.63341522,F4902518_100,14.10000038,25.62949944,36.59899902,nan,nan,nan,6.15654317
7/14/24,34.79286575,-67.55770874,F4902518_101,16.20000076,27.01949978,36.68799973,nan,nan,nan,6.662106133
7/24/24,34.42461777,-67.60016632,F4902518_102,17.10000038,28.6609993,36.02899933,nan,nan,nan,6.703179407
4/5/24,38.28858185,-72.55517578,F4902523_126,12.89999962,8.68599987,33.36399841,nan,nan,nan,-0.372824357
4/15/24,37.86005402,-72.8534317,F4902523_127,46.90000153,16.10899925,34.51699829,nan,nan,nan,1.98518683
4/25/24,37.46878815,-71.72416687,F4902523_128,19,21.89100075,36.65000153,nan,nan,nan,5.092816082
5/6/24,37.53393173,-70.22183228,F4902523_129,42,24.76000023,36.50999832,nan,nan,nan,5.822913724
5/16/24,36.86192703,-68.62296295,F4902523_130,15.80000019,21.98150063,36.54200172,nan,nan,nan,5.036457735
5/26/24,36.47204971,-68.41036224,F4902523_131,15.10000038,22.8239994,36.63800049,nan,nan,nan,5.348120444
6/5/24,35.69801712,-69.02597809,F4902523_132,12.10000038,23.92300034,36.58399963,nan,nan,nan,5.627957968
6/15/24,35.05930328,-68.42097473,F4902523_133,21.20000076,23.64500046,36.43799973,nan,nan,nan,5.43562951
6/26/24,35.87768173,-67.53629303,F4902523_134,25.10000038,24.49600029,36.65000153,nan,nan,nan,5.848819331
7/6/24,37.21083832,-66.35557556,F4902523_135,26.10000038,26.75,36.52050018,nan,nan,nan,6.449727538
7/16/24,37.6269989,-64.92933655,F4902523_136,39,27.20849991,36.46500015,nan,nan,nan,6.554969003
7/26/24,38.3852005,-63.10023499,F4902523_137,19.89999962,27.6989994,36.27949905,nan,nan,nan,6.574350699
4/9/24,36.68787384,-69.88777161,F4902590_68,56.20000076,19.73750019,36.63899994,nan,nan,nan,4.502083131
4/19/24,36.53967285,-70.40983582,F4902590_69,48.90000153,19.50049973,36.64300156,nan,nan,nan,4.443428281
4/29/24,35.4982605,-71.33584595,F4902590_70,9.899999619,20.97900009,36.63800049,nan,nan,nan,4.832311745
5/9/24,34.55836487,-71.08885193,F4902590_71,16.89999962,24.11300087,36.55099869,nan,nan,nan,5.659479912
5/20/24,34.68834686,-69.87776184,F4902590_72,9.800000191,22.98950005,36.22099876,nan,nan,nan,5.080392526
5/30/24,33.91259384,-70.08540344,F4902590_73,22.89999962,24.00699997,36.60699844,nan,nan,nan,5.670229218
6/9/24,33.42830658,-70.53659058,F4902590_74,14.89999962,24.01150036,36.6135006,nan,nan,nan,5.676472706
6/19/24,33.40198517,-70.98725128,F4902590_75,20.89999962,24.37300014,36.5019989,nan,nan,nan,5.700197033
6/29/24,33.64896011,-71.72512817,F4902590_76,10.10000038,25.90199947,36.58600044,nan,nan,nan,6.231509627
7/10/24,33.67860413,-72.38822937,F4902590_77,11.19999981,27.01199913,36.54999924,nan,nan,nan,6.555774743
7/20/24,33.1125145,-73.54797363,F4902590_78,21.39999962,27.72100067,36.61199951,nan,nan,nan,6.832015661
7/30/24,32.4355278,-73.98735046,F4902590_79,22.89999962,28.05149937,36.59499931,nan,nan,nan,6.927573349